ROI.name,x.mni,y.mni,z.mni,network,hemi,index
LH_Vis_1,-35,-36,-24,Visual,,1
LH_Vis_2,-34,-51,-19,Visual,,2
LH_Vis_3,-25,-45,-14,Visual,,3
LH_Vis_4,-28,-63,-13,Visual,,4
LH_Vis_5,-31,-43,-9,Visual,,5
LH_Vis_6,-34,-69,-16,Visual,,6
LH_Vis_7,-45,-67,-18,Visual,,7
LH_Vis_8,-24,-58,-9,Visual,,8
LH_Vis_9,-36,-80,-15,Visual,,9
LH_Vis_10,-26,-80,-13,Visual,,10
LH_Vis_11,-21,-74,-9,Visual,,11
LH_Vis_12,-45,-72,-11,Visual,,12
LH_Vis_13,-21,-49,-6,Visual,,13
LH_Vis_14,-20,-88,-16,Visual,,14
LH_Vis_15,-42,-84,-14,Visual,,15
LH_Vis_16,-14,-71,-10,Visual,,16
LH_Vis_17,-13,-83,-14,Visual,,17
LH_Vis_18,-31,-91,-18,Visual,,18
LH_Vis_19,-15,-64,-5,Visual,,19
LH_Vis_20,-16,-38,-11,Visual,,20
LH_Vis_21,-46,-72,-3,Visual,,21
LH_Vis_22,-13,-50,-7,Visual,,22
LH_Vis_23,-6,-78,-7,Visual,,23
LH_Vis_24,-34,-92,-9,Visual,,24
LH_Vis_25,-10,-61,-3,Visual,,25
LH_Vis_26,-6,-71,-2,Visual,,26
LH_Vis_27,-4,-90,-12,Visual,,27
LH_Vis_28,-21,-99,-12,Visual,,28
LH_Vis_29,-45,-82,-1,Visual,,29
LH_Vis_30,-10,-98,-12,Visual,,30
LH_Vis_31,-14,-42,-4,Visual,,31
LH_Vis_32,-7,-61,3,Visual,,32
LH_Vis_33,-30,-96,-2,Visual,,33
LH_Vis_34,-36,-89,1,Visual,,34
LH_Vis_35,-4,-79,2,Visual,,35
LH_Vis_36,-44,-71,7,Visual,,36
LH_Vis_37,-5,-68,6,Visual,,37
LH_Vis_38,-17,-55,1,Visual,,38
LH_Vis_39,-9,-95,-2,Visual,,39
LH_Vis_40,-6,-103,-1,Visual,,40
LH_Vis_41,-11,-45,2,Visual,,41
LH_Vis_42,-48,-78,9,Visual,,42
LH_Vis_43,-6,-88,2,Visual,,43
LH_Vis_44,-17,-102,2,Visual,,44
LH_Vis_45,-43,-85,10,Visual,,45
LH_Vis_46,-17,-68,4,Visual,,46
LH_Vis_47,-12,-75,9,Visual,,47
LH_Vis_48,-14,-51,4,Visual,,48
LH_Vis_49,-25,-95,8,Visual,,49
LH_Vis_50,-23,-58,5,Visual,,50
LH_Vis_51,-7,-81,10,Visual,,51
LH_Vis_52,-2,-94,5,Visual,,52
LH_Vis_53,-32,-87,10,Visual,,53
LH_Vis_54,-9,-100,11,Visual,,54
LH_Vis_55,-16,-58,8,Visual,,55
LH_Vis_56,-18,-65,9,Visual,,56
LH_Vis_57,-8,-70,12,Visual,,57
LH_Vis_58,-18,-98,17,Visual,,58
LH_Vis_59,-49,-75,20,Visual,,59
LH_Vis_60,-1,-80,12,Visual,,60
LH_Vis_61,-41,-80,16,Visual,,61
LH_Vis_62,-4,-92,16,Visual,,62
LH_Vis_63,-19,-60,16,Visual,,63
LH_Vis_64,-25,-91,20,Visual,,64
LH_Vis_65,-34,-90,19,Visual,,65
LH_Vis_66,-7,-69,17,Visual,,66
LH_Vis_67,-2,-82,21,Visual,,67
LH_Vis_68,-10,-95,25,Visual,,68
LH_Vis_69,-16,-67,17,Visual,,69
LH_Vis_70,-17,-90,23,Visual,,70
LH_Vis_71,-4,-77,27,Visual,,71
LH_Vis_72,-27,-81,19,Visual,,72
LH_Vis_73,-5,-88,32,Visual,,73
LH_Vis_74,-31,-85,26,Visual,,74
LH_Vis_75,-14,-75,25,Visual,,75
LH_Vis_76,-17,-89,34,Visual,,76
LH_Vis_77,-24,-81,29,Visual,,77
LH_Vis_78,-12,-81,35,Visual,,78
LH_Vis_79,-14,-86,42,Visual,,79
LH_Vis_80,-23,-82,42,Visual,,80
LH_Vis_81,-12,-79,45,Visual,,81
LH_SomMot_1,-50,6,-8,Somatomotor,,82
LH_SomMot_2,-56,-3,-1,Somatomotor,,83
LH_SomMot_3,-63,-12,3,Somatomotor,,84
LH_SomMot_4,-66,-19,6,Somatomotor,,85
LH_SomMot_5,-52,-14,6,Somatomotor,,86
LH_SomMot_6,-43,-19,3,Somatomotor,,87
LH_SomMot_7,-66,-30,6,Somatomotor,,88
LH_SomMot_8,-53,-20,6,Somatomotor,,89
LH_SomMot_9,-60,-26,10,Somatomotor,,90
LH_SomMot_10,-41,-24,11,Somatomotor,,91
LH_SomMot_11,-34,-24,10,Somatomotor,,92
LH_SomMot_12,-36,-14,14,Somatomotor,,93
LH_SomMot_13,-62,-40,9,Somatomotor,,94
LH_SomMot_14,-43,-30,9,Somatomotor,,95
LH_SomMot_15,-34,-31,16,Somatomotor,,96
LH_SomMot_16,-34,-23,19,Somatomotor,,97
LH_SomMot_17,-40,-13,18,Somatomotor,,98
LH_SomMot_18,-48,-34,11,Somatomotor,,99
LH_SomMot_19,-55,-47,14,Somatomotor,,100
LH_SomMot_20,-59,-37,16,Somatomotor,,101
LH_SomMot_21,-48,-13,14,Somatomotor,,102
LH_SomMot_22,-55,-7,9,Somatomotor,,103
LH_SomMot_23,-65,-46,15,Somatomotor,,104
LH_SomMot_24,-39,-26,20,Somatomotor,,105
LH_SomMot_25,-40,-37,17,Somatomotor,,106
LH_SomMot_26,-57,-15,15,Somatomotor,,107
LH_SomMot_27,-60,-3,12,Somatomotor,,108
LH_SomMot_28,-49,-22,18,Somatomotor,,109
LH_SomMot_29,-65,-11,16,Somatomotor,,110
LH_SomMot_30,-48,-30,18,Somatomotor,,111
LH_SomMot_31,-62,-18,21,Somatomotor,,112
LH_SomMot_32,-60,2,22,Somatomotor,,113
LH_SomMot_33,-60,-6,19,Somatomotor,,114
LH_SomMot_34,-64,-10,28,Somatomotor,,115
LH_SomMot_35,-57,-2,29,Somatomotor,,116
LH_SomMot_36,-54,-10,31,Somatomotor,,117
LH_SomMot_37,-61,-11,39,Somatomotor,,118
LH_SomMot_38,-54,-5,37,Somatomotor,,119
LH_SomMot_39,-55,-19,42,Somatomotor,,120
LH_SomMot_40,-50,-16,41,Somatomotor,,121
LH_SomMot_41,-44,-13,37,Somatomotor,,122
LH_SomMot_42,-8,-7,42,Somatomotor,,123
LH_SomMot_43,-52,-4,47,Somatomotor,,124
LH_SomMot_44,-57,-17,51,Somatomotor,,125
LH_SomMot_45,-47,-27,45,Somatomotor,,126
LH_SomMot_46,-39,-19,40,Somatomotor,,127
LH_SomMot_47,-8,-9,48,Somatomotor,,128
LH_SomMot_48,-51,-26,55,Somatomotor,,129
LH_SomMot_49,-43,-12,50,Somatomotor,,130
LH_SomMot_50,-47,-17,54,Somatomotor,,131
LH_SomMot_51,-8,-19,47,Somatomotor,,132
LH_SomMot_52,-35,-20,45,Somatomotor,,133
LH_SomMot_53,-39,-5,58,Somatomotor,,134
LH_SomMot_54,-6,-28,50,Somatomotor,,135
LH_SomMot_55,-4,-12,55,Somatomotor,,136
LH_SomMot_56,-40,-16,58,Somatomotor,,137
LH_SomMot_57,-44,-33,63,Somatomotor,,138
LH_SomMot_58,-39,-26,54,Somatomotor,,139
LH_SomMot_59,-33,-45,62,Somatomotor,,140
LH_SomMot_60,-5,-23,57,Somatomotor,,141
LH_SomMot_61,-34,-38,62,Somatomotor,,142
LH_SomMot_62,-9,-41,58,Somatomotor,,143
LH_SomMot_63,-28,-11,61,Somatomotor,,144
LH_SomMot_64,-35,-17,68,Somatomotor,,145
LH_SomMot_65,-5,-12,63,Somatomotor,,146
LH_SomMot_66,-31,-29,63,Somatomotor,,147
LH_SomMot_67,-30,-25,61,Somatomotor,,148
LH_SomMot_68,-3,-33,59,Somatomotor,,149
LH_SomMot_69,-26,-40,62,Somatomotor,,150
LH_SomMot_70,-24,-47,64,Somatomotor,,151
LH_SomMot_71,-24,-12,71,Somatomotor,,152
LH_SomMot_72,-29,-33,72,Somatomotor,,153
LH_SomMot_73,-4,-22,65,Somatomotor,,154
LH_SomMot_74,-22,-29,56,Somatomotor,,155
LH_SomMot_75,-16,-10,66,Somatomotor,,156
LH_SomMot_76,-11,-45,70,Somatomotor,,157
LH_SomMot_77,-23,-21,72,Somatomotor,,158
LH_SomMot_78,-5,-43,66,Somatomotor,,159
LH_SomMot_79,-20,-50,68,Somatomotor,,160
LH_SomMot_80,-18,-26,64,Somatomotor,,161
LH_SomMot_81,-23,-38,71,Somatomotor,,162
LH_SomMot_82,-12,-8,71,Somatomotor,,163
LH_SomMot_83,-14,-49,73,Somatomotor,,164
LH_SomMot_84,-20,-31,68,Somatomotor,,165
LH_SomMot_85,-16,-15,75,Somatomotor,,166
LH_SomMot_86,-7,-16,75,Somatomotor,,167
LH_SomMot_87,-3,-30,71,Somatomotor,,168
LH_SomMot_88,-8,-40,76,Somatomotor,,169
LH_SomMot_89,-17,-39,75,Somatomotor,,170
LH_SomMot_90,-12,-26,74,Somatomotor,,171
LH_SomMot_91,-10,-35,72,Somatomotor,,172
LH_DorsAttn_Post_1,-45,-41,-22,Dorsal Attention,,173
LH_DorsAttn_Post_2,-51,-49,-21,Dorsal Attention,,174
LH_DorsAttn_Post_3,-43,-54,-17,Dorsal Attention,,175
LH_DorsAttn_Post_4,-45,-58,-10,Dorsal Attention,,176
LH_DorsAttn_Post_5,-47,-62,-5,Dorsal Attention,,177
LH_DorsAttn_Post_6,-57,-59,-5,Dorsal Attention,,178
LH_DorsAttn_Post_7,-48,-65,2,Dorsal Attention,,179
LH_DorsAttn_Post_8,-54,-68,6,Dorsal Attention,,180
LH_DorsAttn_Post_9,-58,-60,6,Dorsal Attention,,181
LH_DorsAttn_Post_10,-49,-62,10,Dorsal Attention,,182
LH_DorsAttn_Post_11,-48,-69,16,Dorsal Attention,,183
LH_DorsAttn_Post_12,-45,-62,16,Dorsal Attention,,184
LH_DorsAttn_Post_13,-42,-71,23,Dorsal Attention,,185
LH_DorsAttn_Post_14,-39,-87,24,Dorsal Attention,,186
LH_DorsAttn_Post_15,-43,-78,28,Dorsal Attention,,187
LH_DorsAttn_Post_16,-35,-85,34,Dorsal Attention,,188
LH_DorsAttn_Post_17,-30,-77,30,Dorsal Attention,,189
LH_DorsAttn_Post_18,-27,-70,27,Dorsal Attention,,190
LH_DorsAttn_Post_19,-58,-23,39,Dorsal Attention,,191
LH_DorsAttn_Post_20,-23,-73,36,Dorsal Attention,,192
LH_DorsAttn_Post_21,-27,-67,37,Dorsal Attention,,193
LH_DorsAttn_Post_22,-59,-30,45,Dorsal Attention,,194
LH_DorsAttn_Post_23,-52,-27,41,Dorsal Attention,,195
LH_DorsAttn_Post_24,-51,-34,45,Dorsal Attention,,196
LH_DorsAttn_Post_25,-41,-39,42,Dorsal Attention,,197
LH_DorsAttn_Post_26,-24,-64,47,Dorsal Attention,,198
LH_DorsAttn_Post_27,-18,-77,50,Dorsal Attention,,199
LH_DorsAttn_Post_28,-42,-33,42,Dorsal Attention,,200
LH_DorsAttn_Post_29,-19,-69,46,Dorsal Attention,,201
LH_DorsAttn_Post_30,-32,-39,42,Dorsal Attention,,202
LH_DorsAttn_Post_31,-29,-59,51,Dorsal Attention,,203
LH_DorsAttn_Post_32,-32,-47,47,Dorsal Attention,,204
LH_DorsAttn_Post_33,-28,-54,49,Dorsal Attention,,205
LH_DorsAttn_Post_34,-6,-77,52,Dorsal Attention,,206
LH_DorsAttn_Post_35,-41,-35,51,Dorsal Attention,,207
LH_DorsAttn_Post_36,-26,-65,57,Dorsal Attention,,208
LH_DorsAttn_Post_37,-29,-57,57,Dorsal Attention,,209
LH_DorsAttn_Post_38,-15,-72,55,Dorsal Attention,,210
LH_DorsAttn_Post_39,-38,-42,57,Dorsal Attention,,211
LH_DorsAttn_Post_40,-37,-52,57,Dorsal Attention,,212
LH_DorsAttn_Post_41,-8,-70,60,Dorsal Attention,,213
LH_DorsAttn_Post_42,-21,-68,62,Dorsal Attention,,214
LH_DorsAttn_Post_43,-29,-61,63,Dorsal Attention,,215
LH_DorsAttn_Post_44,-3,-53,58,Dorsal Attention,,216
LH_DorsAttn_Post_45,-7,-61,60,Dorsal Attention,,217
LH_DorsAttn_Post_46,-15,-64,61,Dorsal Attention,,218
LH_DorsAttn_Post_47,-32,-52,67,Dorsal Attention,,219
LH_DorsAttn_Post_48,-22,-58,65,Dorsal Attention,,220
LH_DorsAttn_Post_49,-7,-54,67,Dorsal Attention,,221
LH_DorsAttn_Post_50,-14,-59,67,Dorsal Attention,,222
LH_DorsAttn_FEF_1,-42,-2,50,Dorsal Attention,,223
LH_DorsAttn_FEF_2,-29,4,57,Dorsal Attention,,224
LH_DorsAttn_FEF_3,-33,-3,51,Dorsal Attention,,225
LH_DorsAttn_FEF_4,-24,-5,52,Dorsal Attention,,226
LH_DorsAttn_FEF_5,-22,7,62,Dorsal Attention,,227
LH_DorsAttn_FEF_6,-20,-6,60,Dorsal Attention,,228
LH_DorsAttn_FEF_7,-19,0,69,Dorsal Attention,,229
LH_DorsAttn_PrCv_1,-52,6,27,Dorsal Attention,,230
LH_DorsAttn_PrCv_2,-55,7,35,Dorsal Attention,,231
LH_DorsAttn_PrCv_3,-41,2,31,Dorsal Attention,,232
LH_DorsAttn_PrCv_4,-49,2,39,Dorsal Attention,,233
LH_SalVentAttn_ParOper_1,-47,-39,24,Ventral Attention,,234
LH_SalVentAttn_ParOper_2,-58,-45,22,Ventral Attention,,235
LH_SalVentAttn_ParOper_3,-60,-25,20,Ventral Attention,,236
LH_SalVentAttn_ParOper_4,-53,-41,30,Ventral Attention,,237
LH_SalVentAttn_ParOper_5,-58,-32,23,Ventral Attention,,238
LH_SalVentAttn_ParOper_6,-62,-44,31,Ventral Attention,,239
LH_SalVentAttn_ParOper_7,-59,-19,31,Ventral Attention,,240
LH_SalVentAttn_ParOper_8,-61,-36,34,Ventral Attention,,241
LH_SalVentAttn_ParOper_9,-64,-27,35,Ventral Attention,,242
LH_SalVentAttn_TempOcc_1,-56,-57,14,Ventral Attention,,243
LH_SalVentAttn_TempOcc_2,-48,-51,12,Ventral Attention,,244
LH_SalVentAttn_FrOperIns_1,-36,5,-15,Ventral Attention,,245
LH_SalVentAttn_FrOperIns_2,-39,1,-9,Ventral Attention,,246
LH_SalVentAttn_FrOperIns_3,-37,10,-1,Ventral Attention,,247
LH_SalVentAttn_FrOperIns_4,-41,-10,-10,Ventral Attention,,248
LH_SalVentAttn_FrOperIns_5,-35,30,-1,Ventral Attention,,249
LH_SalVentAttn_FrOperIns_6,-46,-12,-4,Ventral Attention,,250
LH_SalVentAttn_FrOperIns_7,-32,20,3,Ventral Attention,,251
LH_SalVentAttn_FrOperIns_8,-39,-3,2,Ventral Attention,,252
LH_SalVentAttn_FrOperIns_9,-39,-16,2,Ventral Attention,,253
LH_SalVentAttn_FrOperIns_10,-32,26,7,Ventral Attention,,254
LH_SalVentAttn_FrOperIns_11,-32,13,10,Ventral Attention,,255
LH_SalVentAttn_FrOperIns_12,-36,-3,10,Ventral Attention,,256
LH_SalVentAttn_FrOperIns_13,-37,18,8,Ventral Attention,,257
LH_SalVentAttn_FrOperIns_14,-38,6,10,Ventral Attention,,258
LH_SalVentAttn_FrOperIns_15,-38,-4,16,Ventral Attention,,259
LH_SalVentAttn_FrOperIns_16,-43,13,2,Ventral Attention,,260
LH_SalVentAttn_FrOperIns_17,-44,-2,12,Ventral Attention,,261
LH_SalVentAttn_FrOperIns_18,-46,7,1,Ventral Attention,,262
LH_SalVentAttn_FrOperIns_19,-48,-3,6,Ventral Attention,,263
LH_SalVentAttn_FrOperIns_20,-54,6,2,Ventral Attention,,264
LH_SalVentAttn_FrOperIns_21,-58,2,8,Ventral Attention,,265
LH_SalVentAttn_FrOperIns_22,-55,8,12,Ventral Attention,,266
LH_SalVentAttn_FrOperIns_23,-59,6,17,Ventral Attention,,267
LH_SalVentAttn_PFCl_1,-30,42,31,Ventral Attention,,268
LH_SalVentAttn_PFCl_2,-26,37,39,Ventral Attention,,269
LH_SalVentAttn_Med_1,-7,27,28,Ventral Attention,,270
LH_SalVentAttn_Med_2,-5,16,31,Ventral Attention,,271
LH_SalVentAttn_Med_3,-2,0,36,Ventral Attention,,272
LH_SalVentAttn_Med_4,-8,5,39,Ventral Attention,,273
LH_SalVentAttn_Med_5,-7,-20,39,Ventral Attention,,274
LH_SalVentAttn_Med_6,-6,16,41,Ventral Attention,,275
LH_SalVentAttn_Med_7,-11,-31,39,Ventral Attention,,276
LH_SalVentAttn_Med_8,-12,-20,40,Ventral Attention,,277
LH_SalVentAttn_Med_9,-14,-41,45,Ventral Attention,,278
LH_SalVentAttn_Med_10,-6,3,50,Ventral Attention,,279
LH_SalVentAttn_Med_11,-13,-29,44,Ventral Attention,,280
LH_SalVentAttn_Med_12,-4,-49,51,Ventral Attention,,281
LH_SalVentAttn_Med_13,-11,-46,52,Ventral Attention,,282
LH_SalVentAttn_Med_14,-12,-37,50,Ventral Attention,,283
LH_SalVentAttn_Med_15,-5,3,58,Ventral Attention,,284
LH_SalVentAttn_Med_16,-9,-48,60,Ventral Attention,,285
LH_SalVentAttn_Med_17,-3,-2,64,Ventral Attention,,286
LH_SalVentAttn_Med_18,-13,6,68,Ventral Attention,,287
LH_SalVentAttn_Med_19,-8,-3,71,Ventral Attention,,288
LH_Limbic_OFC_1,-19,13,-22,Limbic,,289
LH_Limbic_OFC_2,-13,21,-17,Limbic,,290
LH_Limbic_OFC_3,-14,24,-24,Limbic,,291
LH_Limbic_OFC_4,-10,34,-22,Limbic,,292
LH_Limbic_OFC_5,-27,15,-23,Limbic,,293
LH_Limbic_OFC_6,-7,19,-22,Limbic,,294
LH_Limbic_OFC_7,-25,28,-17,Limbic,,295
LH_Limbic_OFC_8,-19,41,-19,Limbic,,296
LH_Limbic_OFC_9,-3,38,-22,Limbic,,297
LH_Limbic_OFC_10,-9,51,-23,Limbic,,298
LH_Limbic_OFC_11,-3,20,-17,Limbic,,299
LH_Limbic_OFC_12,-4,17,-10,Limbic,,300
LH_Limbic_OFC_13,-10,63,-15,Limbic,,301
LH_Limbic_OFC_14,-22,62,-11,Limbic,,302
LH_Limbic_TempPole_1,-29,1,-43,Limbic,,303
LH_Limbic_TempPole_2,-43,-2,-43,Limbic,,304
LH_Limbic_TempPole_3,-38,-11,-37,Limbic,,305
LH_Limbic_TempPole_4,-28,-8,-34,Limbic,,306
LH_Limbic_TempPole_5,-51,-14,-37,Limbic,,307
LH_Limbic_TempPole_6,-19,-2,-31,Limbic,,308
LH_Limbic_TempPole_7,-39,-18,-29,Limbic,,309
LH_Limbic_TempPole_8,-37,17,-34,Limbic,,310
LH_Limbic_TempPole_9,-27,7,-29,Limbic,,311
LH_Limbic_TempPole_10,-44,-30,-22,Limbic,,312
LH_Limbic_TempPole_11,-53,-31,-27,Limbic,,313
LH_Limbic_TempPole_12,-20,-15,-29,Limbic,,314
LH_Limbic_TempPole_13,-31,-23,-26,Limbic,,315
LH_Limbic_TempPole_14,-38,9,-25,Limbic,,316
LH_Limbic_TempPole_15,-44,6,-17,Limbic,,317
LH_Cont_Par_1,-29,-77,41,Frontoparietal,,318
LH_Cont_Par_2,-59,-41,44,Frontoparietal,,319
LH_Cont_Par_3,-57,-47,45,Frontoparietal,,320
LH_Cont_Par_4,-32,-69,51,Frontoparietal,,321
LH_Cont_Par_5,-49,-56,51,Frontoparietal,,322
LH_Cont_Par_6,-51,-48,54,Frontoparietal,,323
LH_Cont_Par_7,-55,-39,50,Frontoparietal,,324
LH_Cont_Par_8,-38,-61,51,Frontoparietal,,325
LH_Cont_Par_9,-48,-42,50,Frontoparietal,,326
LH_Cont_Par_10,-42,-54,49,Frontoparietal,,327
LH_Cont_Par_11,-44,-47,48,Frontoparietal,,328
LH_Cont_Par_12,-29,-67,49,Frontoparietal,,329
LH_Cont_Par_13,-33,-59,43,Frontoparietal,,330
LH_Cont_Par_14,-36,-46,39,Frontoparietal,,331
LH_Cont_Par_15,-32,-53,41,Frontoparietal,,332
LH_Cont_Temp_1,-59,-39,-21,Frontoparietal,,333
LH_Cont_Temp_2,-55,-57,-17,Frontoparietal,,334
LH_Cont_Temp_3,-60,-47,-12,Frontoparietal,,335
LH_Cont_Temp_4,-62,-49,-3,Frontoparietal,,336
LH_Cont_PFCd_1,-24,13,52,Frontoparietal,,337
LH_Cont_PFCl_1,-41,51,-3,Frontoparietal,,338
LH_Cont_PFCl_2,-47,42,4,Frontoparietal,,339
LH_Cont_PFCl_3,-38,50,7,Frontoparietal,,340
LH_Cont_PFCl_4,-51,32,12,Frontoparietal,,341
LH_Cont_PFCl_5,-29,56,10,Frontoparietal,,342
LH_Cont_PFCl_6,-43,38,13,Frontoparietal,,343
LH_Cont_PFCl_7,-49,11,13,Frontoparietal,,344
LH_Cont_PFCl_8,-45,25,20,Frontoparietal,,345
LH_Cont_PFCl_9,-38,46,19,Frontoparietal,,346
LH_Cont_PFCl_10,-47,15,25,Frontoparietal,,347
LH_Cont_PFCl_11,-48,7,22,Frontoparietal,,348
LH_Cont_PFCl_12,-29,50,22,Frontoparietal,,349
LH_Cont_PFCl_13,-41,33,23,Frontoparietal,,350
LH_Cont_PFCl_14,-43,23,27,Frontoparietal,,351
LH_Cont_PFCl_15,-43,37,29,Frontoparietal,,352
LH_Cont_PFCl_16,-37,8,27,Frontoparietal,,353
LH_Cont_PFCl_17,-45,21,35,Frontoparietal,,354
LH_Cont_PFCl_18,-39,10,33,Frontoparietal,,355
LH_Cont_PFCl_19,-35,32,38,Frontoparietal,,356
LH_Cont_PFCl_20,-40,3,37,Frontoparietal,,357
LH_Cont_OFC_1,-27,47,-13,Frontoparietal,,358
LH_Cont_PFCv_1,-35,16,-7,Frontoparietal,,359
LH_Cont_PFCv_2,-31,24,-3,Frontoparietal,,360
LH_Cont_pCun_1,-10,-70,31,Frontoparietal,,361
LH_Cont_pCun_2,-10,-73,39,Frontoparietal,,362
LH_Cont_pCun_3,-4,-76,45,Frontoparietal,,363
LH_Cont_pCun_4,-4,-66,52,Frontoparietal,,364
LH_Cont_Cing_1,-3,18,23,Frontoparietal,,365
LH_Cont_Cing_2,-7,-38,25,Frontoparietal,,366
LH_Cont_Cing_3,-6,-27,27,Frontoparietal,,367
LH_Cont_Cing_4,-4,9,27,Frontoparietal,,368
LH_Cont_Cing_5,-4,-13,30,Frontoparietal,,369
LH_Cont_Cing_6,-4,-1,31,Frontoparietal,,370
LH_Cont_Cing_7,-3,-32,29,Frontoparietal,,371
LH_Cont_Cing_8,-2,-23,31,Frontoparietal,,372
LH_Cont_PFCmp_1,-4,24,47,Frontoparietal,,373
LH_Cont_PFCmp_2,-6,14,53,Frontoparietal,,374
LH_Default_Par_1,-47,-58,18,Default,,375
LH_Default_Par_2,-47,-51,20,Default,,376
LH_Default_Par_3,-60,-53,19,Default,,377
LH_Default_Par_4,-45,-65,23,Default,,378
LH_Default_Par_5,-44,-56,26,Default,,379
LH_Default_Par_6,-52,-55,25,Default,,380
LH_Default_Par_7,-61,-54,26,Default,,381
LH_Default_Par_8,-46,-71,30,Default,,382
LH_Default_Par_9,-48,-64,31,Default,,383
LH_Default_Par_10,-46,-57,34,Default,,384
LH_Default_Par_11,-55,-58,33,Default,,385
LH_Default_Par_12,-38,-77,40,Default,,386
LH_Default_Par_13,-59,-51,34,Default,,387
LH_Default_Par_14,-47,-69,39,Default,,388
LH_Default_Par_15,-46,-62,43,Default,,389
LH_Default_Par_16,-54,-59,42,Default,,390
LH_Default_Par_17,-37,-72,49,Default,,391
LH_Default_Par_18,-52,-51,42,Default,,392
LH_Default_Par_19,-43,-65,52,Default,,393
LH_Default_Temp_1,-46,7,-37,Default,,394
LH_Default_Temp_2,-52,-5,-32,Default,,395
LH_Default_Temp_3,-59,-22,-26,Default,,396
LH_Default_Temp_4,-55,4,-26,Default,,397
LH_Default_Temp_5,-48,15,-25,Default,,398
LH_Default_Temp_6,-62,-15,-21,Default,,399
LH_Default_Temp_7,-52,7,-17,Default,,400
LH_Default_Temp_8,-62,-33,-14,Default,,401
LH_Default_Temp_9,-59,-10,-14,Default,,402
LH_Default_Temp_10,-65,-25,-9,Default,,403
LH_Default_Temp_11,-53,-4,-11,Default,,404
LH_Default_Temp_12,-66,-37,-6,Default,,405
LH_Default_Temp_13,-52,-22,-8,Default,,406
LH_Default_Temp_14,-57,-31,-5,Default,,407
LH_Default_Temp_15,-58,-14,-4,Default,,408
LH_Default_Temp_16,-63,-42,1,Default,,409
LH_Default_Temp_17,-49,-34,-2,Default,,410
LH_Default_Temp_18,-57,-24,-1,Default,,411
LH_Default_Temp_19,-53,-42,1,Default,,412
LH_Default_Temp_20,-60,-51,6,Default,,413
LH_Default_Temp_21,-55,-34,4,Default,,414
LH_Default_Temp_22,-50,-45,7,Default,,415
LH_Default_PFC_1,-28,17,-16,Default,,416
LH_Default_PFC_2,-33,12,-12,Default,,417
LH_Default_PFC_3,-36,36,-12,Default,,418
LH_Default_PFC_4,-37,24,-15,Default,,419
LH_Default_PFC_5,-6,32,-11,Default,,420
LH_Default_PFC_6,-39,50,-13,Default,,421
LH_Default_PFC_7,-5,55,-10,Default,,422
LH_Default_PFC_8,-46,31,-11,Default,,423
LH_Default_PFC_9,-4,24,-5,Default,,424
LH_Default_PFC_10,-8,46,-4,Default,,425
LH_Default_PFC_11,-49,40,-7,Default,,426
LH_Default_PFC_12,-17,65,-3,Default,,427
LH_Default_PFC_13,-4,35,-3,Default,,428
LH_Default_PFC_14,-28,58,-1,Default,,429
LH_Default_PFC_15,-44,29,-1,Default,,430
LH_Default_PFC_16,-9,68,2,Default,,431
LH_Default_PFC_17,-52,28,2,Default,,432
LH_Default_PFC_18,-45,20,6,Default,,433
LH_Default_PFC_19,-6,59,8,Default,,434
LH_Default_PFC_20,-6,45,7,Default,,435
LH_Default_PFC_21,-55,18,12,Default,,436
LH_Default_PFC_22,-20,65,9,Default,,437
LH_Default_PFC_23,-2,36,9,Default,,438
LH_Default_PFC_24,-9,67,15,Default,,439
LH_Default_PFC_25,-3,29,17,Default,,440
LH_Default_PFC_26,-23,58,20,Default,,441
LH_Default_PFC_27,-5,50,21,Default,,442
LH_Default_PFC_28,-8,36,21,Default,,443
LH_Default_PFC_29,-16,60,26,Default,,444
LH_Default_PFC_30,-5,61,27,Default,,445
LH_Default_PFC_31,-21,49,31,Default,,446
LH_Default_PFC_32,-3,36,34,Default,,447
LH_Default_PFC_33,-3,49,38,Default,,448
LH_Default_PFC_34,-12,51,41,Default,,449
LH_Default_PFC_35,-20,43,42,Default,,450
LH_Default_PFC_36,-47,13,41,Default,,451
LH_Default_PFC_37,-39,24,46,Default,,452
LH_Default_PFC_38,-25,27,44,Default,,453
LH_Default_PFC_39,-3,35,47,Default,,454
LH_Default_PFC_40,-7,42,52,Default,,455
LH_Default_PFC_41,-19,34,50,Default,,456
LH_Default_PFC_42,-42,7,49,Default,,457
LH_Default_PFC_43,-38,13,56,Default,,458
LH_Default_PFC_44,-29,17,56,Default,,459
LH_Default_PFC_45,-22,19,47,Default,,460
LH_Default_PFC_46,-5,25,61,Default,,461
LH_Default_PFC_47,-14,27,59,Default,,462
LH_Default_PFC_48,-22,21,59,Default,,463
LH_Default_PFC_49,-5,12,65,Default,,464
LH_Default_PFC_50,-15,15,65,Default,,465
LH_Default_pCunPCC_1,-7,-46,9,Default,,466
LH_Default_pCunPCC_2,-9,-54,9,Default,,467
LH_Default_pCunPCC_3,-6,-47,15,Default,,468
LH_Default_pCunPCC_4,-11,-59,17,Default,,469
LH_Default_pCunPCC_5,-5,-53,17,Default,,470
LH_Default_pCunPCC_6,-6,-44,21,Default,,471
LH_Default_pCunPCC_7,-15,-63,22,Default,,472
LH_Default_pCunPCC_8,-3,-48,24,Default,,473
LH_Default_pCunPCC_9,-15,-68,26,Default,,474
LH_Default_pCunPCC_10,-3,-61,22,Default,,475
LH_Default_pCunPCC_11,-3,-41,26,Default,,476
LH_Default_pCunPCC_12,-8,-53,26,Default,,477
LH_Default_pCunPCC_13,-6,-67,26,Default,,478
LH_Default_pCunPCC_14,-5,-46,30,Default,,479
LH_Default_pCunPCC_15,-6,-57,30,Default,,480
LH_Default_pCunPCC_16,-3,-39,31,Default,,481
LH_Default_pCunPCC_17,-12,-49,31,Default,,482
LH_Default_pCunPCC_18,-3,-64,33,Default,,483
LH_Default_pCunPCC_19,-4,-34,35,Default,,484
LH_Default_pCunPCC_20,-9,-41,35,Default,,485
LH_Default_pCunPCC_21,-2,-15,37,Default,,486
LH_Default_pCunPCC_22,-3,-27,37,Default,,487
LH_Default_pCunPCC_23,-8,-55,35,Default,,488
LH_Default_pCunPCC_24,-2,-70,36,Default,,489
LH_Default_pCunPCC_25,-5,-32,42,Default,,490
LH_Default_pCunPCC_26,-12,-48,37,Default,,491
LH_Default_pCunPCC_27,-5,-40,42,Default,,492
LH_Default_pCunPCC_28,-5,-62,39,Default,,493
LH_Default_pCunPCC_29,-7,-54,42,Default,,494
LH_Default_pCunPCC_30,-3,-68,45,Default,,495
LH_Default_pCunPCC_31,-7,-47,44,Default,,496
LH_Default_pCunPCC_32,-5,-59,48,Default,,497
LH_Default_PHC_1,-31,-32,-18,Default,,498
LH_Default_PHC_2,-20,-25,-22,Default,,499
LH_Default_PHC_3,-21,-36,-14,Default,,500
RH_Vis_1,33,-36,-23,Visual,,501
RH_Vis_2,36,-51,-18,Visual,,502
RH_Vis_3,30,-32,-16,Visual,,503
RH_Vis_4,26,-49,-14,Visual,,504
RH_Vis_5,46,-57,-18,Visual,,505
RH_Vis_6,36,-67,-15,Visual,,506
RH_Vis_7,30,-46,-9,Visual,,507
RH_Vis_8,27,-72,-10,Visual,,508
RH_Vis_9,27,-59,-9,Visual,,509
RH_Vis_10,20,-31,-15,Visual,,510
RH_Vis_11,38,-78,-16,Visual,,511
RH_Vis_12,26,-81,-12,Visual,,512
RH_Vis_13,22,-44,-9,Visual,,513
RH_Vis_14,19,-71,-9,Visual,,514
RH_Vis_15,20,-60,-7,Visual,,515
RH_Vis_16,46,-78,-14,Visual,,516
RH_Vis_17,20,-88,-12,Visual,,517
RH_Vis_18,14,-80,-13,Visual,,518
RH_Vis_19,17,-36,-12,Visual,,519
RH_Vis_20,34,-89,-16,Visual,,520
RH_Vis_21,50,-63,-7,Visual,,521
RH_Vis_22,15,-50,-7,Visual,,522
RH_Vis_23,12,-62,-3,Visual,,523
RH_Vis_24,8,-72,-4,Visual,,524
RH_Vis_25,7,-89,-12,Visual,,525
RH_Vis_26,49,-75,-7,Visual,,526
RH_Vis_27,22,-97,-13,Visual,,527
RH_Vis_28,4,-82,-5,Visual,,528
RH_Vis_29,13,-96,-8,Visual,,529
RH_Vis_30,33,-93,-7,Visual,,530
RH_Vis_31,17,-44,-3,Visual,,531
RH_Vis_32,15,-56,2,Visual,,532
RH_Vis_33,5,-62,6,Visual,,533
RH_Vis_34,46,-66,-1,Visual,,534
RH_Vis_35,42,-86,-4,Visual,,535
RH_Vis_36,4,-72,5,Visual,,536
RH_Vis_37,22,-100,-5,Visual,,537
RH_Vis_38,9,-91,0,Visual,,538
RH_Vis_39,51,-74,1,Visual,,539
RH_Vis_40,12,-64,6,Visual,,540
RH_Vis_41,25,-53,3,Visual,,541
RH_Vis_42,13,-44,3,Visual,,542
RH_Vis_43,13,-103,2,Visual,,543
RH_Vis_44,9,-82,5,Visual,,544
RH_Vis_45,26,-98,3,Visual,,545
RH_Vis_46,11,-97,5,Visual,,546
RH_Vis_47,24,-62,5,Visual,,547
RH_Vis_48,20,-53,7,Visual,,548
RH_Vis_49,49,-66,9,Visual,,549
RH_Vis_50,12,-71,11,Visual,,550
RH_Vis_51,34,-89,4,Visual,,551
RH_Vis_52,43,-79,5,Visual,,552
RH_Vis_53,14,-101,13,Visual,,553
RH_Vis_54,4,-86,10,Visual,,554
RH_Vis_55,5,-76,14,Visual,,555
RH_Vis_56,49,-73,12,Visual,,556
RH_Vis_57,21,-59,11,Visual,,557
RH_Vis_58,26,-96,15,Visual,,558
RH_Vis_59,7,-94,15,Visual,,559
RH_Vis_60,38,-84,9,Visual,,560
RH_Vis_61,15,-94,19,Visual,,561
RH_Vis_62,31,-87,13,Visual,,562
RH_Vis_63,8,-66,18,Visual,,563
RH_Vis_64,5,-81,23,Visual,,564
RH_Vis_65,19,-64,17,Visual,,565
RH_Vis_66,43,-80,16,Visual,,566
RH_Vis_67,27,-89,21,Visual,,567
RH_Vis_68,7,-90,28,Visual,,568
RH_Vis_69,34,-84,18,Visual,,569
RH_Vis_70,7,-74,28,Visual,,570
RH_Vis_71,17,-72,25,Visual,,571
RH_Vis_72,39,-84,26,Visual,,572
RH_Vis_73,18,-89,28,Visual,,573
RH_Vis_74,18,-63,27,Visual,,574
RH_Vis_75,10,-85,39,Visual,,575
RH_Vis_76,34,-76,23,Visual,,576
RH_Vis_77,28,-82,28,Visual,,577
RH_Vis_78,16,-79,37,Visual,,578
RH_Vis_79,24,-86,38,Visual,,579
RH_Vis_80,29,-77,40,Visual,,580
RH_Vis_81,23,-81,48,Visual,,581
RH_SomMot_1,51,11,-10,Somatomotor,,582
RH_SomMot_2,60,-3,-7,Somatomotor,,583
RH_SomMot_3,55,2,-3,Somatomotor,,584
RH_SomMot_4,56,-13,-5,Somatomotor,,585
RH_SomMot_5,66,-8,-3,Somatomotor,,586
RH_SomMot_6,48,-11,0,Somatomotor,,587
RH_SomMot_7,63,-15,-2,Somatomotor,,588
RH_SomMot_8,39,-5,6,Somatomotor,,589
RH_SomMot_9,55,-13,5,Somatomotor,,590
RH_SomMot_10,67,-15,5,Somatomotor,,591
RH_SomMot_11,41,-20,2,Somatomotor,,592
RH_SomMot_12,63,-23,2,Somatomotor,,593
RH_SomMot_13,49,-37,4,Somatomotor,,594
RH_SomMot_14,56,-31,4,Somatomotor,,595
RH_SomMot_15,37,-10,12,Somatomotor,,596
RH_SomMot_16,39,-22,10,Somatomotor,,597
RH_SomMot_17,35,-19,12,Somatomotor,,598
RH_SomMot_18,59,-22,10,Somatomotor,,599
RH_SomMot_19,37,-10,18,Somatomotor,,600
RH_SomMot_20,41,-27,12,Somatomotor,,601
RH_SomMot_21,43,-3,14,Somatomotor,,602
RH_SomMot_22,34,-22,17,Somatomotor,,603
RH_SomMot_23,65,-36,11,Somatomotor,,604
RH_SomMot_24,64,-28,13,Somatomotor,,605
RH_SomMot_25,42,-13,18,Somatomotor,,606
RH_SomMot_26,38,-27,20,Somatomotor,,607
RH_SomMot_27,47,-32,16,Somatomotor,,608
RH_SomMot_28,50,-9,12,Somatomotor,,609
RH_SomMot_29,47,-18,18,Somatomotor,,610
RH_SomMot_30,59,-1,11,Somatomotor,,611
RH_SomMot_31,44,-29,21,Somatomotor,,612
RH_SomMot_32,59,-12,15,Somatomotor,,613
RH_SomMot_33,52,-21,18,Somatomotor,,614
RH_SomMot_34,66,-8,15,Somatomotor,,615
RH_SomMot_35,62,3,22,Somatomotor,,616
RH_SomMot_36,64,-5,23,Somatomotor,,617
RH_SomMot_37,65,-12,26,Somatomotor,,618
RH_SomMot_38,56,-4,24,Somatomotor,,619
RH_SomMot_39,60,-13,32,Somatomotor,,620
RH_SomMot_40,59,1,34,Somatomotor,,621
RH_SomMot_41,63,-9,38,Somatomotor,,622
RH_SomMot_42,56,-8,34,Somatomotor,,623
RH_SomMot_43,50,-6,31,Somatomotor,,624
RH_SomMot_44,55,-16,37,Somatomotor,,625
RH_SomMot_45,7,-2,41,Somatomotor,,626
RH_SomMot_46,60,-12,46,Somatomotor,,627
RH_SomMot_47,55,-4,43,Somatomotor,,628
RH_SomMot_48,51,-13,39,Somatomotor,,629
RH_SomMot_49,45,-11,38,Somatomotor,,630
RH_SomMot_50,53,-18,42,Somatomotor,,631
RH_SomMot_51,13,-15,42,Somatomotor,,632
RH_SomMot_52,9,2,47,Somatomotor,,633
RH_SomMot_53,50,-22,47,Somatomotor,,634
RH_SomMot_54,50,-13,50,Somatomotor,,635
RH_SomMot_55,39,-17,41,Somatomotor,,636
RH_SomMot_56,54,-17,54,Somatomotor,,637
RH_SomMot_57,9,-9,47,Somatomotor,,638
RH_SomMot_58,48,-7,52,Somatomotor,,639
RH_SomMot_59,40,-13,47,Somatomotor,,640
RH_SomMot_60,12,-22,45,Somatomotor,,641
RH_SomMot_61,49,-27,57,Somatomotor,,642
RH_SomMot_62,41,-19,49,Somatomotor,,643
RH_SomMot_63,47,-20,60,Somatomotor,,644
RH_SomMot_64,6,-1,55,Somatomotor,,645
RH_SomMot_65,43,-9,60,Somatomotor,,646
RH_SomMot_66,6,-15,52,Somatomotor,,647
RH_SomMot_67,9,-30,50,Somatomotor,,648
RH_SomMot_68,41,-17,56,Somatomotor,,649
RH_SomMot_69,29,-37,56,Somatomotor,,650
RH_SomMot_70,39,-34,61,Somatomotor,,651
RH_SomMot_71,39,-24,53,Somatomotor,,652
RH_SomMot_72,14,-43,58,Somatomotor,,653
RH_SomMot_73,41,-29,66,Somatomotor,,654
RH_SomMot_74,6,-37,56,Somatomotor,,655
RH_SomMot_75,38,-16,67,Somatomotor,,656
RH_SomMot_76,32,-41,66,Somatomotor,,657
RH_SomMot_77,5,-23,58,Somatomotor,,658
RH_SomMot_78,33,-28,61,Somatomotor,,659
RH_SomMot_79,29,-34,66,Somatomotor,,660
RH_SomMot_80,31,-23,60,Somatomotor,,661
RH_SomMot_81,28,-11,65,Somatomotor,,662
RH_SomMot_82,8,-40,63,Somatomotor,,663
RH_SomMot_83,5,-11,66,Somatomotor,,664
RH_SomMot_84,27,-19,73,Somatomotor,,665
RH_SomMot_85,3,-33,64,Somatomotor,,666
RH_SomMot_86,24,-28,67,Somatomotor,,667
RH_SomMot_87,24,-43,67,Somatomotor,,668
RH_SomMot_88,22,-34,69,Somatomotor,,669
RH_SomMot_89,14,-41,69,Somatomotor,,670
RH_SomMot_90,21,-24,67,Somatomotor,,671
RH_SomMot_91,11,-5,73,Somatomotor,,672
RH_SomMot_92,20,-13,72,Somatomotor,,673
RH_SomMot_93,5,-41,70,Somatomotor,,674
RH_SomMot_94,15,-45,77,Somatomotor,,675
RH_SomMot_95,7,-19,73,Somatomotor,,676
RH_SomMot_96,13,-14,73,Somatomotor,,677
RH_SomMot_97,21,-38,75,Somatomotor,,678
RH_SomMot_98,17,-30,70,Somatomotor,,679
RH_SomMot_99,20,-31,77,Somatomotor,,680
RH_SomMot_100,5,-31,73,Somatomotor,,681
RH_SomMot_101,12,-38,77,Somatomotor,,682
RH_SomMot_102,14,-26,73,Somatomotor,,683
RH_SomMot_103,12,-32,75,Somatomotor,,684
RH_DorsAttn_Post_1,49,-35,-23,Dorsal Attention,,685
RH_DorsAttn_Post_2,46,-46,-21,Dorsal Attention,,686
RH_DorsAttn_Post_3,51,-45,-19,Dorsal Attention,,687
RH_DorsAttn_Post_4,49,-60,-12,Dorsal Attention,,688
RH_DorsAttn_Post_5,59,-53,-16,Dorsal Attention,,689
RH_DorsAttn_Post_6,57,-56,-5,Dorsal Attention,,690
RH_DorsAttn_Post_7,62,-55,1,Dorsal Attention,,691
RH_DorsAttn_Post_8,51,-59,5,Dorsal Attention,,692
RH_DorsAttn_Post_9,52,-60,13,Dorsal Attention,,693
RH_DorsAttn_Post_10,50,-53,14,Dorsal Attention,,694
RH_DorsAttn_Post_11,45,-67,18,Dorsal Attention,,695
RH_DorsAttn_Post_12,46,-75,27,Dorsal Attention,,696
RH_DorsAttn_Post_13,38,-77,31,Dorsal Attention,,697
RH_DorsAttn_Post_14,59,-19,34,Dorsal Attention,,698
RH_DorsAttn_Post_15,35,-71,40,Dorsal Attention,,699
RH_DorsAttn_Post_16,31,-66,33,Dorsal Attention,,700
RH_DorsAttn_Post_17,56,-22,43,Dorsal Attention,,701
RH_DorsAttn_Post_18,54,-28,51,Dorsal Attention,,702
RH_DorsAttn_Post_19,32,-68,48,Dorsal Attention,,703
RH_DorsAttn_Post_20,49,-36,55,Dorsal Attention,,704
RH_DorsAttn_Post_21,24,-75,52,Dorsal Attention,,705
RH_DorsAttn_Post_22,24,-66,46,Dorsal Attention,,706
RH_DorsAttn_Post_23,48,-28,42,Dorsal Attention,,707
RH_DorsAttn_Post_24,29,-64,52,Dorsal Attention,,708
RH_DorsAttn_Post_25,37,-42,44,Dorsal Attention,,709
RH_DorsAttn_Post_26,42,-37,55,Dorsal Attention,,710
RH_DorsAttn_Post_27,14,-77,52,Dorsal Attention,,711
RH_DorsAttn_Post_28,39,-33,44,Dorsal Attention,,712
RH_DorsAttn_Post_29,36,-58,51,Dorsal Attention,,713
RH_DorsAttn_Post_30,42,-27,44,Dorsal Attention,,714
RH_DorsAttn_Post_31,36,-45,52,Dorsal Attention,,715
RH_DorsAttn_Post_32,32,-59,58,Dorsal Attention,,716
RH_DorsAttn_Post_33,6,-52,50,Dorsal Attention,,717
RH_DorsAttn_Post_34,30,-51,52,Dorsal Attention,,718
RH_DorsAttn_Post_35,34,-34,49,Dorsal Attention,,719
RH_DorsAttn_Post_36,37,-40,58,Dorsal Attention,,720
RH_DorsAttn_Post_37,17,-69,54,Dorsal Attention,,721
RH_DorsAttn_Post_38,5,-66,52,Dorsal Attention,,722
RH_DorsAttn_Post_39,24,-65,57,Dorsal Attention,,723
RH_DorsAttn_Post_40,10,-71,54,Dorsal Attention,,724
RH_DorsAttn_Post_41,7,-57,54,Dorsal Attention,,725
RH_DorsAttn_Post_42,37,-48,62,Dorsal Attention,,726
RH_DorsAttn_Post_43,30,-53,62,Dorsal Attention,,727
RH_DorsAttn_Post_44,24,-59,62,Dorsal Attention,,728
RH_DorsAttn_Post_45,20,-66,65,Dorsal Attention,,729
RH_DorsAttn_Post_46,11,-64,63,Dorsal Attention,,730
RH_DorsAttn_Post_47,6,-54,61,Dorsal Attention,,731
RH_DorsAttn_Post_48,30,-49,69,Dorsal Attention,,732
RH_DorsAttn_Post_49,23,-56,70,Dorsal Attention,,733
RH_DorsAttn_Post_50,16,-56,67,Dorsal Attention,,734
RH_DorsAttn_Post_51,9,-51,70,Dorsal Attention,,735
RH_DorsAttn_Post_52,19,-48,70,Dorsal Attention,,736
RH_DorsAttn_FEF_1,41,-3,51,Dorsal Attention,,737
RH_DorsAttn_FEF_2,31,-1,51,Dorsal Attention,,738
RH_DorsAttn_FEF_3,25,4,53,Dorsal Attention,,739
RH_DorsAttn_FEF_4,34,-7,59,Dorsal Attention,,740
RH_DorsAttn_FEF_5,26,-7,52,Dorsal Attention,,741
RH_DorsAttn_FEF_6,24,-3,62,Dorsal Attention,,742
RH_DorsAttn_PrCv_1,50,13,22,Dorsal Attention,,743
RH_DorsAttn_PrCv_2,44,8,25,Dorsal Attention,,744
RH_DorsAttn_PrCv_3,55,9,30,Dorsal Attention,,745
RH_SalVentAttn_TempOccPar_1,63,-46,4,Ventral Attention,,746
RH_SalVentAttn_TempOccPar_2,56,-43,8,Ventral Attention,,747
RH_SalVentAttn_TempOccPar_3,59,-55,8,Ventral Attention,,748
RH_SalVentAttn_TempOccPar_4,51,-40,13,Ventral Attention,,749
RH_SalVentAttn_TempOccPar_5,55,-40,20,Ventral Attention,,750
RH_SalVentAttn_TempOccPar_6,65,-31,19,Ventral Attention,,751
RH_SalVentAttn_TempOccPar_7,54,-33,23,Ventral Attention,,752
RH_SalVentAttn_TempOccPar_8,65,-39,20,Ventral Attention,,753
RH_SalVentAttn_TempOccPar_9,51,-27,25,Ventral Attention,,754
RH_SalVentAttn_TempOccPar_10,64,-31,29,Ventral Attention,,755
RH_SalVentAttn_TempOccPar_11,61,-20,19,Ventral Attention,,756
RH_SalVentAttn_TempOccPar_12,55,-31,33,Ventral Attention,,757
RH_SalVentAttn_TempOccPar_13,64,-40,28,Ventral Attention,,758
RH_SalVentAttn_TempOccPar_14,61,-25,28,Ventral Attention,,759
RH_SalVentAttn_TempOccPar_15,62,-29,39,Ventral Attention,,760
RH_SalVentAttn_TempOccPar_16,64,-18,28,Ventral Attention,,761
RH_SalVentAttn_TempOccPar_17,64,-35,39,Ventral Attention,,762
RH_SalVentAttn_TempOccPar_18,64,-22,41,Ventral Attention,,763
RH_SalVentAttn_PrC_1,50,4,40,Ventral Attention,,764
RH_SalVentAttn_PrC_2,49,-1,47,Ventral Attention,,765
RH_SalVentAttn_FrOperIns_1,38,7,-20,Ventral Attention,,766
RH_SalVentAttn_FrOperIns_2,38,11,-11,Ventral Attention,,767
RH_SalVentAttn_FrOperIns_3,46,6,-15,Ventral Attention,,768
RH_SalVentAttn_FrOperIns_4,40,1,-11,Ventral Attention,,769
RH_SalVentAttn_FrOperIns_5,41,9,-3,Ventral Attention,,770
RH_SalVentAttn_FrOperIns_6,41,-7,-7,Ventral Attention,,771
RH_SalVentAttn_FrOperIns_7,47,-9,-6,Ventral Attention,,772
RH_SalVentAttn_FrOperIns_8,33,24,2,Ventral Attention,,773
RH_SalVentAttn_FrOperIns_9,38,5,4,Ventral Attention,,774
RH_SalVentAttn_FrOperIns_10,38,30,2,Ventral Attention,,775
RH_SalVentAttn_FrOperIns_11,39,-14,2,Ventral Attention,,776
RH_SalVentAttn_FrOperIns_12,34,20,10,Ventral Attention,,777
RH_SalVentAttn_FrOperIns_13,41,24,6,Ventral Attention,,778
RH_SalVentAttn_FrOperIns_14,34,5,11,Ventral Attention,,779
RH_SalVentAttn_FrOperIns_15,47,21,3,Ventral Attention,,780
RH_SalVentAttn_FrOperIns_16,38,12,10,Ventral Attention,,781
RH_SalVentAttn_FrOperIns_17,44,13,4,Ventral Attention,,782
RH_SalVentAttn_FrOperIns_18,40,2,14,Ventral Attention,,783
RH_SalVentAttn_FrOperIns_19,49,9,0,Ventral Attention,,784
RH_SalVentAttn_FrOperIns_20,47,-1,7,Ventral Attention,,785
RH_SalVentAttn_FrOperIns_21,53,13,8,Ventral Attention,,786
RH_SalVentAttn_FrOperIns_22,58,4,6,Ventral Attention,,787
RH_SalVentAttn_FrOperIns_23,56,9,13,Ventral Attention,,788
RH_SalVentAttn_FrOperIns_24,60,9,20,Ventral Attention,,789
RH_SalVentAttn_PFCl_1,31,47,21,Ventral Attention,,790
RH_SalVentAttn_PFCl_2,28,45,33,Ventral Attention,,791
RH_SalVentAttn_Med_1,5,23,27,Ventral Attention,,792
RH_SalVentAttn_Med_2,4,9,34,Ventral Attention,,793
RH_SalVentAttn_Med_3,4,-5,36,Ventral Attention,,794
RH_SalVentAttn_Med_4,9,25,38,Ventral Attention,,795
RH_SalVentAttn_Med_5,9,13,40,Ventral Attention,,796
RH_SalVentAttn_Med_6,9,-25,40,Ventral Attention,,797
RH_SalVentAttn_Med_7,8,-15,40,Ventral Attention,,798
RH_SalVentAttn_Med_8,10,-34,43,Ventral Attention,,799
RH_SalVentAttn_Med_9,14,-24,39,Ventral Attention,,800
RH_SalVentAttn_Med_10,13,-39,45,Ventral Attention,,801
RH_SalVentAttn_Med_11,7,14,50,Ventral Attention,,802
RH_SalVentAttn_Med_12,15,-31,43,Ventral Attention,,803
RH_SalVentAttn_Med_13,9,-43,51,Ventral Attention,,804
RH_SalVentAttn_Med_14,14,-37,52,Ventral Attention,,805
RH_SalVentAttn_Med_15,5,11,59,Ventral Attention,,806
RH_SalVentAttn_Med_16,6,-47,57,Ventral Attention,,807
RH_SalVentAttn_Med_17,7,0,66,Ventral Attention,,808
RH_SalVentAttn_Med_18,11,-46,64,Ventral Attention,,809
RH_SalVentAttn_Med_19,16,6,69,Ventral Attention,,810
RH_SalVentAttn_Med_20,19,-5,69,Ventral Attention,,811
RH_Limbic_OFC_1,21,14,-22,Limbic,,812
RH_Limbic_OFC_2,14,16,-17,Limbic,,813
RH_Limbic_OFC_3,15,27,-24,Limbic,,814
RH_Limbic_OFC_4,10,28,-20,Limbic,,815
RH_Limbic_OFC_5,10,41,-23,Limbic,,816
RH_Limbic_OFC_6,23,28,-19,Limbic,,817
RH_Limbic_OFC_7,16,48,-19,Limbic,,818
RH_Limbic_OFC_8,5,20,-20,Limbic,,819
RH_Limbic_OFC_9,3,41,-25,Limbic,,820
RH_Limbic_OFC_10,7,55,-22,Limbic,,821
RH_Limbic_OFC_11,15,60,-18,Limbic,,822
RH_Limbic_OFC_12,4,26,-12,Limbic,,823
RH_Limbic_OFC_13,7,64,-11,Limbic,,824
RH_Limbic_OFC_14,21,62,-10,Limbic,,825
RH_Limbic_TempPole_1,28,2,-44,Limbic,,826
RH_Limbic_TempPole_2,35,11,-40,Limbic,,827
RH_Limbic_TempPole_3,49,-5,-40,Limbic,,828
RH_Limbic_TempPole_4,40,-9,-35,Limbic,,829
RH_Limbic_TempPole_5,31,-9,-35,Limbic,,830
RH_Limbic_TempPole_6,20,0,-31,Limbic,,831
RH_Limbic_TempPole_7,24,8,-31,Limbic,,832
RH_Limbic_TempPole_8,50,-19,-31,Limbic,,833
RH_Limbic_TempPole_9,42,-21,-25,Limbic,,834
RH_Limbic_TempPole_10,37,21,-32,Limbic,,835
RH_Limbic_TempPole_11,59,-20,-30,Limbic,,836
RH_Limbic_TempPole_12,22,-13,-30,Limbic,,837
RH_Limbic_TempPole_13,44,-30,-23,Limbic,,838
RH_Limbic_TempPole_14,32,10,-27,Limbic,,839
RH_Limbic_TempPole_15,33,-22,-26,Limbic,,840
RH_Limbic_TempPole_16,22,-22,-24,Limbic,,841
RH_Limbic_TempPole_17,42,13,-21,Limbic,,842
RH_Cont_Par_1,61,-45,32,Frontoparietal,,843
RH_Cont_Par_2,59,-46,41,Frontoparietal,,844
RH_Cont_Par_3,59,-38,39,Frontoparietal,,845
RH_Cont_Par_4,40,-76,42,Frontoparietal,,846
RH_Cont_Par_5,55,-51,46,Frontoparietal,,847
RH_Cont_Par_6,60,-32,50,Frontoparietal,,848
RH_Cont_Par_7,55,-41,48,Frontoparietal,,849
RH_Cont_Par_8,47,-57,54,Frontoparietal,,850
RH_Cont_Par_9,53,-34,49,Frontoparietal,,851
RH_Cont_Par_10,49,-44,49,Frontoparietal,,852
RH_Cont_Par_11,48,-50,55,Frontoparietal,,853
RH_Cont_Par_12,49,-39,47,Frontoparietal,,854
RH_Cont_Par_13,38,-68,50,Frontoparietal,,855
RH_Cont_Par_14,42,-58,50,Frontoparietal,,856
RH_Cont_Par_15,43,-49,47,Frontoparietal,,857
RH_Cont_Par_16,44,-39,44,Frontoparietal,,858
RH_Cont_Par_17,35,-52,42,Frontoparietal,,859
RH_Cont_Temp_1,59,-29,-23,Frontoparietal,,860
RH_Cont_Temp_2,60,-39,-19,Frontoparietal,,861
RH_Cont_Temp_3,64,-41,-10,Frontoparietal,,862
RH_Cont_Temp_4,65,-47,-3,Frontoparietal,,863
RH_Cont_PFCv_1,34,20,-7,Frontoparietal,,864
RH_Cont_PFCv_2,35,26,-7,Frontoparietal,,865
RH_Cont_PFCl_1,24,40,-16,Frontoparietal,,866
RH_Cont_PFCl_2,28,52,-14,Frontoparietal,,867
RH_Cont_PFCl_3,40,52,-12,Frontoparietal,,868
RH_Cont_PFCl_4,32,59,-2,Frontoparietal,,869
RH_Cont_PFCl_5,44,49,-4,Frontoparietal,,870
RH_Cont_PFCl_6,23,63,2,Frontoparietal,,871
RH_Cont_PFCl_7,50,40,4,Frontoparietal,,872
RH_Cont_PFCl_8,41,50,7,Frontoparietal,,873
RH_Cont_PFCl_9,31,55,10,Frontoparietal,,874
RH_Cont_PFCl_10,54,31,14,Frontoparietal,,875
RH_Cont_PFCl_11,26,61,15,Frontoparietal,,876
RH_Cont_PFCl_12,42,39,12,Frontoparietal,,877
RH_Cont_PFCl_13,54,18,20,Frontoparietal,,878
RH_Cont_PFCl_14,42,48,18,Frontoparietal,,879
RH_Cont_PFCl_15,46,29,21,Frontoparietal,,880
RH_Cont_PFCl_16,44,18,24,Frontoparietal,,881
RH_Cont_PFCl_17,25,55,26,Frontoparietal,,882
RH_Cont_PFCl_18,46,36,26,Frontoparietal,,883
RH_Cont_PFCl_19,38,41,29,Frontoparietal,,884
RH_Cont_PFCl_20,51,24,31,Frontoparietal,,885
RH_Cont_PFCl_21,41,17,30,Frontoparietal,,886
RH_Cont_PFCl_22,44,30,36,Frontoparietal,,887
RH_Cont_PFCl_23,37,9,35,Frontoparietal,,888
RH_Cont_PFCl_24,35,36,40,Frontoparietal,,889
RH_Cont_PFCl_25,47,16,39,Frontoparietal,,890
RH_Cont_PFCl_26,40,10,45,Frontoparietal,,891
RH_Cont_PFCl_27,41,23,47,Frontoparietal,,892
RH_Cont_PFCl_28,33,30,47,Frontoparietal,,893
RH_Cont_PFCl_29,45,6,51,Frontoparietal,,894
RH_Cont_PFCl_30,38,10,58,Frontoparietal,,895
RH_Cont_PFCl_31,31,17,53,Frontoparietal,,896
RH_Cont_PFCl_32,25,17,46,Frontoparietal,,897
RH_Cont_PFCl_33,20,18,62,Frontoparietal,,898
RH_Cont_PFCl_34,24,9,63,Frontoparietal,,899
RH_Cont_pCun_1,14,-68,35,Frontoparietal,,900
RH_Cont_pCun_3,14,-75,44,Frontoparietal,,901
RH_Cont_pCun_5,5,-74,46,Frontoparietal,,902
RH_Cont_Cing_1,6,-23,27,Frontoparietal,,903
RH_Cont_Cing_2,6,9,28,Frontoparietal,,904
RH_Cont_Cing_3,7,-32,27,Frontoparietal,,905
RH_Cont_Cing_4,5,-2,30,Frontoparietal,,906
RH_Cont_Cing_5,5,-16,30,Frontoparietal,,907
RH_Cont_PFCmp_1,8,35,20,Frontoparietal,,908
RH_Cont_PFCmp_2,10,28,28,Frontoparietal,,909
RH_Cont_PFCmp_3,6,35,33,Frontoparietal,,910
RH_Cont_PFCmp_4,4,38,47,Frontoparietal,,911
RH_Cont_PFCmp_5,5,25,48,Frontoparietal,,912
RH_Default_Par_1,58,-48,11,Default,,913
RH_Default_Par_2,53,-45,18,Default,,914
RH_Default_Par_3,48,-58,19,Default,,915
RH_Default_Par_4,50,-50,19,Default,,916
RH_Default_Par_5,56,-47,22,Default,,917
RH_Default_Par_6,51,-63,25,Default,,918
RH_Default_Par_7,54,-43,28,Default,,919
RH_Default_Par_8,46,-55,28,Default,,920
RH_Default_Par_9,57,-53,24,Default,,921
RH_Default_Par_10,53,-46,33,Default,,922
RH_Default_Par_11,49,-61,34,Default,,923
RH_Default_Par_12,47,-69,36,Default,,924
RH_Default_Par_13,57,-53,33,Default,,925
RH_Default_Par_14,49,-63,42,Default,,926
RH_Default_Par_15,53,-58,44,Default,,927
RH_Default_Par_16,44,-68,49,Default,,928
RH_Default_Temp_1,47,10,-37,Default,,929
RH_Default_Temp_2,50,0,-32,Default,,930
RH_Default_Temp_3,60,-8,-25,Default,,931
RH_Default_Temp_4,52,8,-26,Default,,932
RH_Default_Temp_5,49,17,-22,Default,,933
RH_Default_Temp_6,58,-4,-18,Default,,934
RH_Default_Temp_7,64,-24,-17,Default,,935
RH_Default_Temp_8,66,-12,-13,Default,,936
RH_Default_Temp_9,53,4,-15,Default,,937
RH_Default_Temp_10,67,-30,-13,Default,,938
RH_Default_Temp_11,51,-8,-13,Default,,939
RH_Default_Temp_12,64,-22,-8,Default,,940
RH_Default_Temp_13,50,-17,-11,Default,,941
RH_Default_Temp_14,54,-27,-6,Default,,942
RH_Default_Temp_15,65,-33,-2,Default,,943
RH_Default_Temp_16,48,-23,-5,Default,,944
RH_Default_Temp_17,48,-30,-1,Default,,945
RH_Default_Temp_18,55,-37,-1,Default,,946
RH_Default_PFCv_1,29,19,-20,Default,,947
RH_Default_PFCv_2,31,20,-13,Default,,948
RH_Default_PFCv_3,35,27,-19,Default,,949
RH_Default_PFCv_4,35,37,-13,Default,,950
RH_Default_PFCv_5,41,25,-14,Default,,951
RH_Default_PFCv_6,48,35,-14,Default,,952
RH_Default_PFCv_7,42,26,-5,Default,,953
RH_Default_PFCv_8,50,34,-6,Default,,954
RH_Default_PFCv_9,53,29,1,Default,,955
RH_Default_PFCv_10,56,21,9,Default,,956
RH_Default_PFCdPFCm_1,5,45,-12,Default,,957
RH_Default_PFCdPFCm_2,5,34,-5,Default,,958
RH_Default_PFCdPFCm_3,8,52,-4,Default,,959
RH_Default_PFCdPFCm_4,9,67,0,Default,,960
RH_Default_PFCdPFCm_5,11,46,-1,Default,,961
RH_Default_PFCdPFCm_6,17,67,10,Default,,962
RH_Default_PFCdPFCm_7,8,42,7,Default,,963
RH_Default_PFCdPFCm_8,7,57,11,Default,,964
RH_Default_PFCdPFCm_9,6,29,14,Default,,965
RH_Default_PFCdPFCm_10,16,64,21,Default,,966
RH_Default_PFCdPFCm_11,8,45,22,Default,,967
RH_Default_PFCdPFCm_12,6,19,22,Default,,968
RH_Default_PFCdPFCm_13,6,57,28,Default,,969
RH_Default_PFCdPFCm_14,15,54,35,Default,,970
RH_Default_PFCdPFCm_15,5,46,35,Default,,971
RH_Default_PFCdPFCm_16,20,46,36,Default,,972
RH_Default_PFCdPFCm_17,26,34,34,Default,,973
RH_Default_PFCdPFCm_18,9,48,48,Default,,974
RH_Default_PFCdPFCm_19,22,40,46,Default,,975
RH_Default_PFCdPFCm_20,27,29,42,Default,,976
RH_Default_PFCdPFCm_21,14,34,56,Default,,977
RH_Default_PFCdPFCm_22,24,27,53,Default,,978
RH_Default_PFCdPFCm_23,5,24,61,Default,,979
RH_Default_PFCdPFCm_24,11,19,64,Default,,980
RH_Default_pCunPCC_1,10,-48,7,Default,,981
RH_Default_pCunPCC_2,11,-54,13,Default,,982
RH_Default_pCunPCC_3,7,-47,14,Default,,983
RH_Default_pCunPCC_4,16,-58,22,Default,,984
RH_Default_pCunPCC_5,8,-42,23,Default,,985
RH_Default_pCunPCC_6,5,-53,20,Default,,986
RH_Default_pCunPCC_7,4,-61,23,Default,,987
RH_Default_pCunPCC_8,5,-45,29,Default,,988
RH_Default_pCunPCC_9,6,-66,28,Default,,989
RH_Default_pCunPCC_10,8,-54,29,Default,,990
RH_Default_pCunPCC_11,6,-38,32,Default,,991
RH_Default_pCunPCC_12,4,-29,36,Default,,992
RH_Default_pCunPCC_13,12,-44,34,Default,,993
RH_Default_pCunPCC_14,4,-16,37,Default,,994
RH_Default_pCunPCC_15,4,-65,36,Default,,995
RH_Default_pCunPCC_16,10,-53,36,Default,,996
RH_Default_pCunPCC_17,7,-50,44,Default,,997
RH_Default_pCunPCC_18,6,-62,44,Default,,998
RH_Cont_pCun_2,6,-37,39,Frontoparietal,,999
RH_Cont_pCun_4,8,-44,41,Frontoparietal,,1000